LOCATION,Year,Value
AUS,1960,10.275
AUS,1961,10.5082
AUS,1962,10.7005
AUS,1963,10.9069
AUS,1964,11.1216
AUS,1965,11.3409
AUS,1966,11.599498
AUS,1967,11.799078
AUS,1968,12.008635
AUS,1969,12.263014
AUS,1970,12.507349
AUS,1971,13.067265
AUS,1972,13.303664
AUS,1973,13.504538
AUS,1974,13.722571
AUS,1975,13.892995
AUS,1976,14.033083
AUS,1977,14.192234
AUS,1978,14.359255
AUS,1979,14.515729
AUS,1980,14.695356
AUS,1981,14.92326
AUS,1982,15.184247
AUS,1983,15.393472
AUS,1984,15.579391
AUS,1985,15.788312
AUS,1986,16.01835
AUS,1987,16.263874
AUS,1988,16.532164
AUS,1989,16.814416
AUS,1990,17.065128
AUS,1991,17.284036
AUS,1992,17.478635
AUS,1993,17.634808
AUS,1994,17.805468
AUS,1995,18.004882
AUS,1996,18.224767
AUS,1997,18.423037
AUS,1998,18.607584
AUS,1999,18.812264
AUS,2000,19.028802
AUS,2001,19.274701
AUS,2002,19.49521
AUS,2003,19.720737
AUS,2004,19.932722
AUS,2005,20.176844
AUS,2006,20.450966
AUS,2007,20.827622
AUS,2008,21.249199
AUS,2009,21.691653
AUS,2010,22.03175
AUS,2011,22.340024
AUS,2012,22.733465
AUS,2013,23.128129
AUS,2014,23.475686
AUS,2015,23.815995
AUS,2016,24.190907
AUS,2017,24.60186
AUS,2018,24.99286
AUT,1960,7.047539
AUT,1961,7.086299
AUT,1962,7.129864
AUT,1963,7.175811
AUT,1964,7.223801
AUT,1965,7.270889
AUT,1966,7.322066
AUT,1967,7.376998
AUT,1968,7.415403
AUT,1969,7.441055
AUT,1970,7.467086
AUT,1971,7.500482
AUT,1972,7.544201
AUT,1973,7.586115
AUT,1974,7.599038
AUT,1975,7.578903
AUT,1976,7.565525
AUT,1977,7.56843
AUT,1978,7.562305
AUT,1979,7.549425
AUT,1980,7.549433
AUT,1981,7.56871
AUT,1982,7.57414
AUT,1983,7.56191
AUT,1984,7.561434
AUT,1985,7.564984
AUT,1986,7.569794
AUT,1987,7.574586
AUT,1988,7.585317
AUT,1989,7.619566
AUT,1990,7.67785
AUT,1991,7.754891
AUT,1992,7.840709
AUT,1993,7.905632
AUT,1994,7.936118
AUT,1995,7.948278
AUT,1996,7.959016
AUT,1997,7.968041
AUT,1998,7.976789
AUT,1999,7.992323
AUT,2000,8.011566
AUT,2001,8.042293
AUT,2002,8.082121
AUT,2003,8.118245
AUT,2004,8.169441
AUT,2005,8.225278
AUT,2006,8.267948
AUT,2007,8.295189
AUT,2008,8.321541
AUT,2009,8.341483
AUT,2010,8.361069
AUT,2011,8.388534
AUT,2012,8.426311
AUT,2013,8.47723
AUT,2014,8.543932
AUT,2015,8.629519
AUT,2016,8.739806
AUT,2017,8.795073
AUT,2018,8.837707
BEL,1960,9.15349
BEL,1961,9.183948
BEL,1962,9.220578
BEL,1963,9.28977
BEL,1964,9.378114
BEL,1965,9.463668
BEL,1966,9.527808
BEL,1967,9.580991
BEL,1968,9.618756
BEL,1969,9.646033
BEL,1970,9.65555
BEL,1971,9.673162
BEL,1972,9.711115
BEL,1973,9.741721
BEL,1974,9.77242
BEL,1975,9.8007
BEL,1976,9.818228
BEL,1977,9.830358
BEL,1978,9.839534
BEL,1979,9.848382
BEL,1980,9.859243
BEL,1981,9.858982
BEL,1982,9.856303
BEL,1983,9.855521
BEL,1984,9.855372
BEL,1985,9.858309
BEL,1986,9.861824
BEL,1987,9.870234
BEL,1988,9.901665
BEL,1989,9.937697
BEL,1990,9.967378
BEL,1991,10.004486
BEL,1992,10.045165
BEL,1993,10.084479
BEL,1994,10.115601
BEL,1995,10.136814
BEL,1996,10.156641
BEL,1997,10.181246
BEL,1998,10.203012
BEL,1999,10.226419
BEL,2000,10.251247
BEL,2001,10.286571
BEL,2002,10.332783
BEL,2003,10.37613
BEL,2004,10.421133
BEL,2005,10.478617
BEL,2006,10.547956
BEL,2007,10.625701
BEL,2008,10.709976
BEL,2009,10.796498
BEL,2010,10.895589
BEL,2011,10.993616
BEL,2012,11.067748
BEL,2013,11.125033
BEL,2014,11.179778
BEL,2015,11.238474
BEL,2016,11.295003
BEL,2017,11.349081
BEL,2018,11.40374
CAN,1960,18.256447
CAN,1961,18.634666
CAN,1962,18.989309
CAN,1963,19.347231
CAN,1964,19.719595
CAN,1965,20.084314
CAN,1966,20.420867
CAN,1967,20.795138
CAN,1968,21.129417
CAN,1969,21.43983
CAN,1970,21.746497
CAN,1971,21.962032
CAN,1972,22.218463
CAN,1973,22.491777
CAN,1974,22.807969
CAN,1975,23.143275
CAN,1976,23.449808
CAN,1977,23.725843
CAN,1978,23.963203
CAN,1979,24.201544
CAN,1980,24.515667
CAN,1981,24.819915
CAN,1982,25.116942
CAN,1983,25.366451
CAN,1984,25.607053
CAN,1985,25.842116
CAN,1986,26.100278
CAN,1987,26.446601
CAN,1988,26.791747
CAN,1989,27.276781
CAN,1990,27.691138
CAN,1991,28.03742
CAN,1992,28.371264
CAN,1993,28.684764
CAN,1994,29.000663
CAN,1995,29.302311
CAN,1996,29.610218
CAN,1997,29.905948
CAN,1998,30.155173
CAN,1999,30.401286
CAN,2000,30.68573
CAN,2001,31.020902
CAN,2002,31.360079
CAN,2003,31.644028
CAN,2004,31.940655
CAN,2005,32.243753
CAN,2006,32.571174
CAN,2007,32.889025
CAN,2008,33.247118
CAN,2009,33.628895
CAN,2010,34.004889
CAN,2011,34.339328
CAN,2012,34.714222
CAN,2013,35.082954
CAN,2014,35.437435
CAN,2015,35.702908
CAN,2016,36.109487
CAN,2017,36.540268
CAN,2018,37.058856
CZE,1960,9.659818
CZE,1961,9.588016
CZE,1962,9.621808
CZE,1963,9.668741
CZE,1964,9.730019
CZE,1965,9.785102
CZE,1966,9.826188
CZE,1967,9.854241
CZE,1968,9.877632
CZE,1969,9.896695
CZE,1970,9.805157
CZE,1971,9.830602
CZE,1972,9.868379
CZE,1973,9.919519
CZE,1974,9.994761
CZE,1975,10.062366
CZE,1976,10.12822
CZE,1977,10.189312
CZE,1978,10.245686
CZE,1979,10.296489
CZE,1980,10.326792
CZE,1981,10.303208
CZE,1982,10.314321
CZE,1983,10.322823
CZE,1984,10.330481
CZE,1985,10.336742
CZE,1986,10.340737
CZE,1987,10.348834
CZE,1988,10.356359
CZE,1989,10.362257
CZE,1990,10.36274
CZE,1991,10.308682
CZE,1992,10.317807
CZE,1993,10.330607
CZE,1994,10.336162
CZE,1995,10.330759
CZE,1996,10.315353
CZE,1997,10.303642
CZE,1998,10.294943
CZE,1999,10.282784
CZE,2000,10.272503
CZE,2001,10.224192
CZE,2002,10.200774
CZE,2003,10.201651
CZE,2004,10.206923
CZE,2005,10.234092
CZE,2006,10.266646
CZE,2007,10.322689
CZE,2008,10.429692
CZE,2009,10.491492
CZE,2010,10.517247
CZE,2011,10.496672
CZE,2012,10.509286
CZE,2013,10.510719
CZE,2014,10.524783
CZE,2015,10.542942
CZE,2016,10.565284
CZE,2017,10.589526
CZE,2018,10.62643
DNK,1960,4.579603
DNK,1961,4.61169
DNK,1962,4.647733
DNK,1963,4.684481
DNK,1964,4.722074
DNK,1965,4.759011
DNK,1966,4.797381
DNK,1967,4.835358
DNK,1968,4.864879
DNK,1969,4.89186
DNK,1970,4.928748
DNK,1971,4.963126
DNK,1972,4.991596
DNK,1973,5.021862
DNK,1974,5.045298
DNK,1975,5.059862
DNK,1976,5.072597
DNK,1977,5.08842
DNK,1978,5.104248
DNK,1979,5.116802
DNK,1980,5.123027
DNK,1981,5.121572
DNK,1982,5.11781
DNK,1983,5.114297
DNK,1984,5.111619
DNK,1985,5.113691
DNK,1986,5.120534
DNK,1987,5.127024
DNK,1988,5.129517
DNK,1989,5.132594
DNK,1990,5.140939
DNK,1991,5.154298
DNK,1992,5.17137
DNK,1993,5.189377
DNK,1994,5.204994
DNK,1995,5.227861
DNK,1996,5.261503
DNK,1997,5.28422
DNK,1998,5.301304
DNK,1999,5.319111
DNK,2000,5.337344
DNK,2001,5.355082
DNK,2002,5.374255
DNK,2003,5.387174
DNK,2004,5.401177
DNK,2005,5.415978
DNK,2006,5.434567
DNK,2007,5.457415
DNK,2008,5.489022
DNK,2009,5.519441
DNK,2010,5.543819
DNK,2011,5.566856
DNK,2012,5.587085
DNK,2013,5.608784
DNK,2014,5.639719
DNK,2015,5.678348
DNK,2016,5.724456
DNK,2017,5.760694
DNK,2018,5.789957
FIN,1960,4.429633
FIN,1961,4.461007
FIN,1962,4.491442
FIN,1963,4.523307
FIN,1964,4.548545
FIN,1965,4.563732
FIN,1966,4.580868
FIN,1967,4.605743
FIN,1968,4.626471
FIN,1969,4.623785
FIN,1970,4.606304
FIN,1971,4.612124
FIN,1972,4.639656
FIN,1973,4.666079
FIN,1974,4.690575
FIN,1975,4.71144
FIN,1976,4.725665
FIN,1977,4.7389
FIN,1978,4.752527
FIN,1979,4.764691
FIN,1980,4.779537
FIN,1981,4.799962
FIN,1982,4.826931
FIN,1983,4.855786
FIN,1984,4.881806
FIN,1985,4.902202
FIN,1986,4.91815
FIN,1987,4.932123
FIN,1988,4.946487
FIN,1989,4.96437
FIN,1990,4.986433
FIN,1991,5.013737
FIN,1992,5.04199
FIN,1993,5.066452
FIN,1994,5.088324
FIN,1995,5.107787
FIN,1996,5.124573
FIN,1997,5.139839
FIN,1998,5.153499
FIN,1999,5.16547
FIN,2000,5.176203
FIN,2001,5.188005
FIN,2002,5.200598
FIN,2003,5.21301
FIN,2004,5.228173
FIN,2005,5.2461
FIN,2006,5.266266
FIN,2007,5.288719
FIN,2008,5.313398
FIN,2009,5.338867
FIN,2010,5.363341
FIN,2011,5.388272
FIN,2012,5.413967
FIN,2013,5.438975
FIN,2014,5.461507
FIN,2015,5.479528
FIN,2016,5.495297
FIN,2017,5.508209
FIN,2018,5.515525
FRA,1960,45.684228
FRA,1961,46.162831
FRA,1962,46.997707
FRA,1963,47.81622
FRA,1964,48.31041
FRA,1965,48.757799
FRA,1966,49.163665
FRA,1967,49.548302
FRA,1968,49.915403
FRA,1969,50.317983
FRA,1970,50.772222
FRA,1971,51.251098
FRA,1972,51.700913
FRA,1973,52.1183
FRA,1974,52.460358
FRA,1975,52.699171
FRA,1976,52.908675
FRA,1977,53.14528
FRA,1978,53.376322
FRA,1979,53.606226
FRA,1980,53.880012
FRA,1981,54.181806
FRA,1982,54.492495
FRA,1983,54.772418
FRA,1984,55.026074
FRA,1985,55.284271
FRA,1986,55.546504
FRA,1987,55.823956
FRA,1988,56.117974
FRA,1989,56.423411
FRA,1990,56.708826
FRA,1991,58.425681
FRA,1992,58.711615
FRA,1993,58.961049
FRA,1994,59.175335
FRA,1995,59.383991
FRA,1996,59.589289
FRA,1997,59.795263
FRA,1998,60.011008
FRA,1999,60.315406
FRA,2000,60.72478
FRA,2001,61.163237
FRA,2002,61.60455
FRA,2003,62.037544
FRA,2004,62.4908
FRA,2005,62.958328
FRA,2006,63.393406
FRA,2007,63.781275
FRA,2008,64.133174
FRA,2009,64.458715
FRA,2010,64.773169
FRA,2011,65.087317
FRA,2012,65.402998
FRA,2013,65.735961
FRA,2014,66.276671
FRA,2015,66.512558
FRA,2016,66.68553
FRA,2017,66.829563
FRA,2018,66.941698
DEU,1960,72.814897
DEU,1961,73.377631
DEU,1962,74.025787
DEU,1963,74.714356
DEU,1964,75.318338
DEU,1965,75.963697
DEU,1966,76.600311
DEU,1967,76.951342
DEU,1968,77.29431
DEU,1969,77.909681
DEU,1970,78.169285
DEU,1971,78.312838
DEU,1972,78.68845
DEU,1973,78.936672
DEU,1974,78.967429
DEU,1975,78.673555
DEU,1976,78.336948
DEU,1977,78.159813
DEU,1978,78.091821
DEU,1979,78.126353
DEU,1980,78.288576
DEU,1981,78.407904
DEU,1982,78.333354
DEU,1983,78.128284
DEU,1984,77.858682
DEU,1985,77.684878
DEU,1986,77.720438
DEU,1987,77.83992
DEU,1988,78.144617
DEU,1989,78.751284
DEU,1990,79.433034
DEU,1991,80.013901
DEU,1992,80.624601
DEU,1993,81.156368
DEU,1994,81.438346
DEU,1995,81.678046
DEU,1996,81.914834
DEU,1997,82.034775
DEU,1998,82.047197
DEU,1999,82.100243
DEU,2000,82.211501
DEU,2001,82.349926
DEU,2002,82.488493
DEU,2003,82.534175
DEU,2004,82.516268
DEU,2005,82.469421
DEU,2006,82.376447
DEU,2007,82.266373
DEU,2008,82.110097
DEU,2009,81.902308
DEU,2010,81.776936
DEU,2011,80.274981
DEU,2012,80.425826
DEU,2013,80.645605
DEU,2014,80.982495
DEU,2015,81.686608
DEU,2016,82.348669
DEU,2017,82.656997
DEU,2018,82.914191
GRC,1960,8.327405
GRC,1961,8.39805
GRC,1962,8.448233
GRC,1963,8.479625
GRC,1964,8.510429
GRC,1965,8.550333
GRC,1966,8.613651
GRC,1967,8.716441
GRC,1968,8.740765
GRC,1969,8.772764
GRC,1970,8.792806
GRC,1971,8.831036
GRC,1972,8.888628
GRC,1973,8.929086
GRC,1974,8.962023
GRC,1975,9.046542
GRC,1976,9.16719
GRC,1977,9.308479
GRC,1978,9.429959
GRC,1979,9.548258
GRC,1980,9.642505
GRC,1981,9.72935
GRC,1982,9.789513
GRC,1983,9.846627
GRC,1984,9.895801
GRC,1985,9.934294
GRC,1986,9.967264
GRC,1987,10.000644
GRC,1988,10.037037
GRC,1989,10.08955
GRC,1990,10.196801
GRC,1991,10.319928
GRC,1992,10.399058
GRC,1993,10.460409
GRC,1994,10.512924
GRC,1995,10.56216
GRC,1996,10.608801
GRC,1997,10.661264
GRC,1998,10.720507
GRC,1999,10.761698
GRC,2000,10.805806
GRC,2001,10.862129
GRC,2002,10.902022
GRC,2003,10.928072
GRC,2004,10.955142
GRC,2005,10.987316
GRC,2006,11.020366
GRC,2007,11.048466
GRC,2008,11.077839
GRC,2009,11.107017
GRC,2010,11.121344
GRC,2011,11.1049
GRC,2012,11.04501
GRC,2013,10.965209
GRC,2014,10.892415
GRC,2015,10.820883
GRC,2016,10.775971
GRC,2017,10.754679
GRC,2018,10.725886
HUN,1960,9.983514
HUN,1961,10.027958
HUN,1962,10.060823
HUN,1963,10.087948
HUN,1964,10.119834
HUN,1965,10.147932
HUN,1966,10.178653
HUN,1967,10.216607
HUN,1968,10.255807
HUN,1969,10.298722
HUN,1970,10.337912
HUN,1971,10.367535
HUN,1972,10.398491
HUN,1973,10.432053
HUN,1974,10.47872
HUN,1975,10.540523
HUN,1976,10.598674
HUN,1977,10.648028
HUN,1978,10.684829
HUN,1979,10.704148
HUN,1980,10.711126
HUN,1981,10.711853
HUN,1982,10.705537
HUN,1983,10.689467
HUN,1984,10.668092
HUN,1985,10.648715
HUN,1986,10.630565
HUN,1987,10.612743
HUN,1988,10.596489
HUN,1989,10.481717
HUN,1990,10.373987
HUN,1991,10.373398
HUN,1992,10.369339
HUN,1993,10.357518
HUN,1994,10.343359
HUN,1995,10.328967
HUN,1996,10.311235
HUN,1997,10.290475
HUN,1998,10.266571
HUN,1999,10.237527
HUN,2000,10.210965
HUN,2001,10.187578
HUN,2002,10.15861
HUN,2003,10.129554
HUN,2004,10.10714
HUN,2005,10.087064
HUN,2006,10.071374
HUN,2007,10.055778
HUN,2008,10.038186
HUN,2009,10.022647
HUN,2010,10.00002
HUN,2011,9.958824
HUN,2012,9.920364
HUN,2013,9.893083
HUN,2014,9.866466
HUN,2015,9.843025
HUN,2016,9.814026
HUN,2017,9.787969
HUN,2018,9.7676
ISL,1960,0.175573
ISL,1961,0.179028
ISL,1962,0.182376
ISL,1963,0.185648
ISL,1964,0.188983
ISL,1965,0.192285
ISL,1966,0.195568
ISL,1967,0.198757
ISL,1968,0.201487
ISL,1969,0.20337
ISL,1970,0.204438
ISL,1971,0.206099
ISL,1972,0.209137
ISL,1973,0.212316
ISL,1974,0.215206
ISL,1975,0.217974
ISL,1976,0.220151
ISL,1977,0.221801
ISL,1978,0.223537
ISL,1979,0.225734
ISL,1980,0.228133
ISL,1981,0.230757
ISL,1982,0.233855
ISL,1983,0.236976
ISL,1984,0.239506
ISL,1985,0.241409
ISL,1986,0.243187
ISL,1987,0.245864
ISL,1988,0.249734
ISL,1989,0.252851
ISL,1990,0.25482
ISL,1991,0.257795
ISL,1992,0.261053
ISL,1993,0.26373
ISL,1994,0.266021
ISL,1995,0.267467
ISL,1996,0.268918
ISL,1997,0.27113
ISL,1998,0.274049
ISL,1999,0.277384
ISL,2000,0.2812
ISL,2001,0.28497
ISL,2002,0.287516
ISL,2003,0.289522
ISL,2004,0.292077
ISL,2005,0.296734
ISL,2006,0.303784
ISL,2007,0.311567
ISL,2008,0.317404
ISL,2009,0.318501
ISL,2010,0.318044
ISL,2011,0.319011
ISL,2012,0.320723
ISL,2013,0.323763
ISL,2014,0.327379
ISL,2015,0.330818
ISL,2016,0.335435
ISL,2017,0.343399
ISL,2018,0.352722
IRL,1960,2.8321
IRL,1961,2.8183
IRL,1962,2.8301
IRL,1963,2.85
IRL,1964,2.8638
IRL,1965,2.8758
IRL,1966,2.884
IRL,1967,2.8997
IRL,1968,2.9122
IRL,1969,2.9252
IRL,1970,2.9499
IRL,1971,2.9782
IRL,1972,3.0244
IRL,1973,3.073
IRL,1974,3.1239
IRL,1975,3.1772
IRL,1976,3.2278
IRL,1977,3.2719
IRL,1978,3.314
IRL,1979,3.3682
IRL,1980,3.401
IRL,1981,3.4434
IRL,1982,3.48
IRL,1983,3.504
IRL,1984,3.529
IRL,1985,3.54
IRL,1986,3.5406
IRL,1987,3.5465
IRL,1988,3.5307
IRL,1989,3.5095
IRL,1990,3.5058
IRL,1991,3.5257
IRL,1992,3.5545
IRL,1993,3.5741
IRL,1994,3.5859
IRL,1995,3.6013
IRL,1996,3.626087
IRL,1997,3.664313
IRL,1998,3.703082
IRL,1999,3.741647
IRL,2000,3.789536
IRL,2001,3.847198
IRL,2002,3.917203
IRL,2003,3.979853
IRL,2004,4.045188
IRL,2005,4.133839
IRL,2006,4.232929
IRL,2007,4.375842
IRL,2008,4.48507
IRL,2009,4.533395
IRL,2010,4.554763
IRL,2011,4.574888
IRL,2012,4.593697
IRL,2013,4.614669
IRL,2014,4.64544
IRL,2015,4.687787
IRL,2016,4.739597
IRL,2017,4.79249
IRL,2018,4.857015
ITA,1960,50.199634
ITA,1961,50.536309
ITA,1962,50.879432
ITA,1963,51.251937
ITA,1964,51.675294
ITA,1965,52.112336
ITA,1966,52.518925
ITA,1967,52.900443
ITA,1968,53.235691
ITA,1969,53.537796
ITA,1970,53.821798
ITA,1971,54.073525
ITA,1972,54.381345
ITA,1973,54.751405
ITA,1974,55.11087
ITA,1975,55.440999
ITA,1976,55.718266
ITA,1977,55.955407
ITA,1978,56.155142
ITA,1979,56.31775
ITA,1980,56.433876
ITA,1981,56.501674
ITA,1982,56.543539
ITA,1983,56.564076
ITA,1984,56.576719
ITA,1985,56.59307
ITA,1986,56.596157
ITA,1987,56.601936
ITA,1988,56.62929
ITA,1989,56.671778
ITA,1990,56.719239
ITA,1991,56.758522
ITA,1992,56.797078
ITA,1993,56.831823
ITA,1994,56.8434
ITA,1995,56.844301
ITA,1996,56.860279
ITA,1997,56.890371
ITA,1998,56.906744
ITA,1999,56.916316
ITA,2000,56.942108
ITA,2001,56.974097
ITA,2002,57.059013
ITA,2003,57.3132
ITA,2004,57.685327
ITA,2005,57.969482
ITA,2006,58.14398
ITA,2007,58.438309
ITA,2008,58.826733
ITA,2009,59.095367
ITA,2010,59.277414
ITA,2011,59.379446
ITA,2012,59.539725
ITA,2013,60.233944
ITA,2014,60.789144
ITA,2015,60.730585
ITA,2016,60.627494
ITA,2017,60.536713
ITA,2018,60.421797
JPN,1960,94.301623
JPN,1961,95.181
JPN,1962,96.087
JPN,1963,97.075
JPN,1964,98.11
JPN,1965,99.209137
JPN,1966,99.978
JPN,1967,101.145
JPN,1968,102.287
JPN,1969,103.491
JPN,1970,104.665171
JPN,1971,106.1
JPN,1972,107.595
JPN,1973,109.104
JPN,1974,110.573
JPN,1975,111.939643
JPN,1976,113.094
JPN,1977,114.165
JPN,1978,115.19
JPN,1979,116.155
JPN,1980,117.060396
JPN,1981,117.902
JPN,1982,118.728
JPN,1983,119.536
JPN,1984,120.305
JPN,1985,121.048923
JPN,1986,121.66
JPN,1987,122.239
JPN,1988,122.745
JPN,1989,123.205
JPN,1990,123.611167
JPN,1991,124.101
JPN,1992,124.567
JPN,1993,124.938
JPN,1994,125.265
JPN,1995,125.570246
JPN,1996,125.864
JPN,1997,126.166
JPN,1998,126.486
JPN,1999,126.686
JPN,2000,126.925843
JPN,2001,127.291
JPN,2002,127.435
JPN,2003,127.619
JPN,2004,127.687
JPN,2005,127.767994
JPN,2006,127.900515
JPN,2007,128.032743
JPN,2008,128.08396
JPN,2009,128.031514
JPN,2010,128.057352
JPN,2011,127.834233
JPN,2012,127.592657
JPN,2013,127.413888
JPN,2014,127.23715
JPN,2015,127.094745
JPN,2016,126.932772
JPN,2017,126.70621
JPN,2018,126.44318
KOR,1960,25.012374
KOR,1961,25.765673
KOR,1962,26.51303
KOR,1963,27.261747
KOR,1964,27.984155
KOR,1965,28.704674
KOR,1966,29.435571
KOR,1967,30.130983
KOR,1968,30.838302
KOR,1969,31.544266
KOR,1970,32.240827
KOR,1971,32.882704
KOR,1972,33.505406
KOR,1973,34.103149
KOR,1974,34.692266
KOR,1975,35.280725
KOR,1976,35.848523
KOR,1977,36.411795
KOR,1978,36.969185
KOR,1979,37.534236
KOR,1980,38.123775
KOR,1981,38.723248
KOR,1982,39.326352
KOR,1983,39.910403
KOR,1984,40.405956
KOR,1985,40.805744
KOR,1986,41.213674
KOR,1987,41.62169
KOR,1988,42.031247
KOR,1989,42.449038
KOR,1990,42.869283
KOR,1991,43.295704
KOR,1992,43.747962
KOR,1993,44.194628
KOR,1994,44.64154
KOR,1995,45.092991
KOR,1996,45.524681
KOR,1997,45.95358
KOR,1998,46.286503
KOR,1999,46.616677
KOR,2000,47.008111
KOR,2001,47.370164
KOR,2002,47.644736
KOR,2003,47.89233
KOR,2004,48.082519
KOR,2005,48.184561
KOR,2006,48.438292
KOR,2007,48.683638
KOR,2008,49.054708
KOR,2009,49.307835
KOR,2010,49.554112
KOR,2011,49.936638
KOR,2012,50.199853
KOR,2013,50.428893
KOR,2014,50.746659
KOR,2015,51.014947
KOR,2016,51.245707
KOR,2017,51.446201
KOR,2018,51.635256
LUX,1960,0.314588
LUX,1961,0.317441
LUX,1962,0.320703
LUX,1963,0.324121
LUX,1964,0.327366
LUX,1965,0.330161
LUX,1966,0.332419
LUX,1967,0.334227
LUX,1968,0.335834
LUX,1969,0.337567
LUX,1970,0.339174
LUX,1971,0.342415
LUX,1972,0.3466
LUX,1973,0.35045
LUX,1974,0.355049
LUX,1975,0.358951
LUX,1976,0.360728
LUX,1977,0.361356
LUX,1978,0.36201
LUX,1979,0.362856
LUX,1980,0.364152
LUX,1981,0.365219
LUX,1982,0.365525
LUX,1983,0.365621
LUX,1984,0.365997
LUX,1985,0.366707
LUX,1986,0.368354
LUX,1987,0.370751
LUX,1988,0.37345
LUX,1989,0.377095
LUX,1990,0.381857
LUX,1991,0.386999
LUX,1992,0.392171
LUX,1993,0.397481
LUX,1994,0.402921
LUX,1995,0.408625
LUX,1996,0.414228
LUX,1997,0.41944
LUX,1998,0.424699
LUX,1999,0.430475
LUX,2000,0.436303
LUX,2001,0.441522
LUX,2002,0.446166
LUX,2003,0.451626
LUX,2004,0.458098
LUX,2005,0.465152
LUX,2006,0.472641
LUX,2007,0.479992
LUX,2008,0.488647
LUX,2009,0.497783
LUX,2010,0.506953
LUX,2011,0.518351
LUX,2012,0.530952
LUX,2013,0.543358
LUX,2014,0.556322
LUX,2015,0.569605
LUX,2016,0.583459
LUX,2017,0.596337
LUX,2018,0.60795
MEX,1960,36.786543
MEX,1961,38.025871
MEX,1962,39.306372
MEX,1963,40.619346
MEX,1964,41.970377
MEX,1965,43.359231
MEX,1966,44.779078
MEX,1967,46.234469
MEX,1968,47.720198
MEX,1969,49.236362
MEX,1970,50.778729
MEX,1971,52.354238
MEX,1972,53.973953
MEX,1973,55.619995
MEX,1974,57.293865
MEX,1975,58.993234
MEX,1976,60.702805
MEX,1977,62.414539
MEX,1978,64.131336
MEX,1979,65.849531
MEX,1980,67.561216
MEX,1981,69.267849
MEX,1982,70.973052
MEX,1983,72.671675
MEX,1984,74.359027
MEX,1985,76.030535
MEX,1986,77.689757
MEX,1987,79.339498
MEX,1988,80.970606
MEX,1989,82.579032
MEX,1990,84.169571
MEX,1991,85.748742
MEX,1992,87.312337
MEX,1993,88.850856
MEX,1994,90.362709
MEX,1995,91.843905
MEX,1996,93.294783
MEX,1997,94.720541
MEX,1998,96.11696
MEX,1999,97.482584
MEX,2000,98.785275
MEX,2001,100.105299
MEX,2002,101.493987
MEX,2003,102.890474
MEX,2004,104.272444
MEX,2005,105.669369
MEX,2006,107.155391
MEX,2007,108.744845
MEX,2008,110.405454
MEX,2009,112.095388
MEX,2010,113.748671
MEX,2011,115.367452
MEX,2012,116.93567
MEX,2013,118.453929
MEX,2014,119.936411
MEX,2015,121.3478
MEX,2016,122.715165
MEX,2017,124.041731
MEX,2018,125.327797
NLD,1960,11.48663
NLD,1961,11.638709
NLD,1962,11.80569
NLD,1963,11.965967
NLD,1964,12.127116
NLD,1965,12.294732
NLD,1966,12.456254
NLD,1967,12.598202
NLD,1968,12.729717
NLD,1969,12.877984
NLD,1970,13.038523
NLD,1971,13.194497
NLD,1972,13.328595
NLD,1973,13.439325
NLD,1974,13.545054
NLD,1975,13.666329
NLD,1976,13.774037
NLD,1977,13.856188
NLD,1978,13.941702
NLD,1979,14.03827
NLD,1980,14.149799
NLD,1981,14.247217
NLD,1982,14.312689
NLD,1983,14.367066
NLD,1984,14.424211
NLD,1985,14.491629
NLD,1986,14.57228
NLD,1987,14.665037
NLD,1988,14.760092
NLD,1989,14.848906
NLD,1990,14.95151
NLD,1991,15.069799
NLD,1992,15.184163
NLD,1993,15.290368
NLD,1994,15.382834
NLD,1995,15.459004
NLD,1996,15.5305
NLD,1997,15.61065
NLD,1998,15.707205
NLD,1999,15.812085
NLD,2000,15.925505
NLD,2001,16.046182
NLD,2002,16.148921
NLD,2003,16.225303
NLD,2004,16.281777
NLD,2005,16.319871
NLD,2006,16.346096
NLD,2007,16.381696
NLD,2008,16.44559
NLD,2009,16.530387
NLD,2010,16.61539
NLD,2011,16.693074
NLD,2012,16.754963
NLD,2013,16.80443
NLD,2014,16.865008
NLD,2015,16.939925
NLD,2016,17.030314
NLD,2017,17.131295
NLD,2018,17.231622
NZL,1960,2.38167
NZL,1961,2.43238
NZL,1962,2.48853
NZL,1963,2.541415
NZL,1964,2.591965
NZL,1965,2.6404
NZL,1966,2.68758
NZL,1967,2.728115
NZL,1968,2.758885
NZL,1969,2.788435
NZL,1970,2.82802
NZL,1971,2.875305
NZL,1972,2.929135
NZL,1973,2.992335
NZL,1974,3.058435
NZL,1975,3.117765
NZL,1976,3.153535
NZL,1977,3.16483
NZL,1978,3.165705
NZL,1979,3.16462
NZL,1980,3.170245
NZL,1981,3.18546
NZL,1982,3.210645
NZL,1983,3.24577
NZL,1984,3.27885
NZL,1985,3.29805
NZL,1986,3.30831
NZL,1987,3.327785
NZL,1988,3.34368
NZL,1989,3.357535
NZL,1990,3.390085
NZL,1991,3.4951
NZL,1992,3.5317
NZL,1993,3.5722
NZL,1994,3.6201
NZL,1995,3.6734
NZL,1996,3.732
NZL,1997,3.7813
NZL,1998,3.815
NZL,1999,3.8351
NZL,2000,3.8577
NZL,2001,3.8805
NZL,2002,3.9485
NZL,2003,4.0272
NZL,2004,4.0875
NZL,2005,4.1339
NZL,2006,4.1846
NZL,2007,4.2238
NZL,2008,4.2598
NZL,2009,4.3026
NZL,2010,4.3507
NZL,2011,4.384
NZL,2012,4.4081
NZL,2013,4.4421
NZL,2014,4.5097
NZL,2015,4.5957
NZL,2016,4.6932
NZL,2017,4.7939
NZL,2018,4.8855
NOR,1960,3.581241
NOR,1961,3.609801
NOR,1962,3.638921
NOR,1963,3.666538
NOR,1964,3.694339
NOR,1965,3.723172
NOR,1966,3.753013
NOR,1967,3.784533
NOR,1968,3.816488
NOR,1969,3.84771
NOR,1970,3.875757
NOR,1971,3.903034
NOR,1972,3.933001
NOR,1973,3.960614
NOR,1974,3.985262
NOR,1975,4.007319
NOR,1976,4.026151
NOR,1977,4.043204
NOR,1978,4.058674
NOR,1979,4.072514
NOR,1980,4.08562
NOR,1981,4.099703
NOR,1982,4.114786
NOR,1983,4.128434
NOR,1984,4.140098
NOR,1985,4.152518
NOR,1986,4.167357
NOR,1987,4.186905
NOR,1988,4.209489
NOR,1989,4.226909
NOR,1990,4.241476
NOR,1991,4.261738
NOR,1992,4.286397
NOR,1993,4.311984
NOR,1994,4.336614
NOR,1995,4.359187
NOR,1996,4.381339
NOR,1997,4.405158
NOR,1998,4.431465
NOR,1999,4.461915
NOR,2000,4.490973
NOR,2001,4.513747
NOR,2002,4.538157
NOR,2003,4.564856
NOR,2004,4.591909
NOR,2005,4.623293
NOR,2006,4.660673
NOR,2007,4.709156
NOR,2008,4.768215
NOR,2009,4.828716
NOR,2010,4.889253
NOR,2011,4.953089
NOR,2012,5.018574
NOR,2013,5.080171
NOR,2014,5.137427
NOR,2015,5.189898
NOR,2016,5.236152
NOR,2017,5.276965
NOR,2018,5.311916
POL,1960,29.405729
POL,1961,29.9653
POL,1962,30.3239
POL,1963,30.6909
POL,1964,31.1612
POL,1965,31.4959
POL,1966,31.698
POL,1967,31.9439
POL,1968,32.3048
POL,1969,32.5551
POL,1970,32.64227
POL,1971,32.7494
POL,1972,33.068
POL,1973,33.3627
POL,1974,33.691008
POL,1975,34.02213
POL,1976,34.362133
POL,1977,34.697576
POL,1978,35.009862
POL,1979,35.256645
POL,1980,35.578019
POL,1981,35.901961
POL,1982,36.227381
POL,1983,36.571418
POL,1984,36.913515
POL,1985,37.202981
POL,1986,37.455681
POL,1987,37.663756
POL,1988,37.862063
POL,1989,37.962808
POL,1990,38.0305
POL,1991,38.1085
POL,1992,38.1735
POL,1993,38.221
POL,1994,38.252
POL,1995,38.2745
POL,1996,38.289
POL,1997,38.292
POL,1998,38.2835
POL,1999,38.27
POL,2000,38.258478
POL,2001,38.248076
POL,2002,38.232301
POL,2003,38.195177
POL,2004,38.180249
POL,2005,38.161313
POL,2006,38.132277
POL,2007,38.115967
POL,2008,38.115909
POL,2009,38.153389
POL,2010,38.516689
POL,2011,38.52567
POL,2012,38.533789
POL,2013,38.502396
POL,2014,38.483957
POL,2015,38.454576
POL,2016,38.426809
POL,2017,38.422346
POL,2018,38.413139
PRT,1960,8.857716
PRT,1961,8.929316
PRT,1962,8.993985
PRT,1963,9.030355
PRT,1964,9.035365
PRT,1965,8.998595
PRT,1966,8.93099
PRT,1967,8.87452
PRT,1968,8.83665
PRT,1969,8.757705
PRT,1970,8.680431
PRT,1971,8.643755
PRT,1972,8.630431
PRT,1973,8.633101
PRT,1974,8.754363
PRT,1975,9.093471
PRT,1976,9.355812
PRT,1977,9.455673
PRT,1978,9.558248
PRT,1979,9.661265
PRT,1980,9.766275
PRT,1981,9.851325
PRT,1982,9.911771
PRT,1983,9.957865
PRT,1984,9.996232
PRT,1985,10.023613
PRT,1986,10.032734
PRT,1987,10.030031
PRT,1988,10.01961
PRT,1989,10.005
PRT,1990,9.983218
PRT,1991,9.960235
PRT,1992,9.952494
PRT,1993,9.964675
PRT,1994,9.991525
PRT,1995,10.026176
PRT,1996,10.063945
PRT,1997,10.108977
PRT,1998,10.160196
PRT,1999,10.217828
PRT,2000,10.289898
PRT,2001,10.362722
PRT,2002,10.419631
PRT,2003,10.458821
PRT,2004,10.483861
PRT,2005,10.50333
PRT,2006,10.522288
PRT,2007,10.542964
PRT,2008,10.558177
PRT,2009,10.568247
PRT,2010,10.5731
PRT,2011,10.55756
PRT,2012,10.514844
PRT,2013,10.457295
PRT,2014,10.401062
PRT,2015,10.358076
PRT,2016,10.325452
PRT,2017,10.3003
PRT,2018,10.283822
SVK,1960,3.99427
SVK,1961,4.191977
SVK,1962,4.238056
SVK,1963,4.282865
SVK,1964,4.327949
SVK,1965,4.373595
SVK,1966,4.413853
SVK,1967,4.45088
SVK,1968,4.483656
SVK,1969,4.518773
SVK,1970,4.528459
SVK,1971,4.559341
SVK,1972,4.59633
SVK,1973,4.640673
SVK,1974,4.691014
SVK,1975,4.739301
SVK,1976,4.789452
SVK,1977,4.840819
SVK,1978,4.891673
SVK,1979,4.940223
SVK,1980,4.984331
SVK,1981,5.017032
SVK,1982,5.05477
SVK,1983,5.091537
SVK,1984,5.127719
SVK,1985,5.161789
SVK,1986,5.192789
SVK,1987,5.223609
SVK,1988,5.25112
SVK,1989,5.276186
SVK,1990,5.297774
SVK,1991,5.283404
SVK,1992,5.306539
SVK,1993,5.324632
SVK,1994,5.347413
SVK,1995,5.363676
SVK,1996,5.373793
SVK,1997,5.383233
SVK,1998,5.390866
SVK,1999,5.395324
SVK,2000,5.400679
SVK,2001,5.37978
SVK,2002,5.378809
SVK,2003,5.37895
SVK,2004,5.382574
SVK,2005,5.387285
SVK,2006,5.391184
SVK,2007,5.397766
SVK,2008,5.406972
SVK,2009,5.418374
SVK,2010,5.431024
SVK,2011,5.398384
SVK,2012,5.407579
SVK,2013,5.413393
SVK,2014,5.418649
SVK,2015,5.423801
SVK,2016,5.430798
SVK,2017,5.439232
SVK,2018,5.446771
ESP,1960,30.489242
ESP,1961,30.81757
ESP,1962,31.023366
ESP,1963,31.296651
ESP,1964,31.609195
ESP,1965,31.954292
ESP,1966,32.283194
ESP,1967,32.682947
ESP,1968,33.113135
ESP,1969,33.441054
ESP,1970,33.752818
ESP,1971,34.216274
ESP,1972,34.571714
ESP,1973,34.921497
ESP,1974,35.287558
ESP,1975,35.687714
ESP,1976,36.118035
ESP,1977,36.563834
ESP,1978,36.971471
ESP,1979,37.289006
ESP,1980,37.526911
ESP,1981,37.764458
ESP,1982,37.987108
ESP,1983,38.160263
ESP,1984,38.325244
ESP,1985,38.467025
ESP,1986,38.571941
ESP,1987,38.682322
ESP,1988,38.764307
ESP,1989,38.821377
ESP,1990,38.860827
ESP,1991,38.941622
ESP,1992,39.14794
ESP,1993,39.356082
ESP,1994,39.547353
ESP,1995,39.718895
ESP,1996,39.884246
ESP,1997,40.049974
ESP,1998,40.214066
ESP,1999,40.369667
ESP,2000,40.554387
ESP,2001,40.766049
ESP,2002,41.42352
ESP,2003,42.196231
ESP,2004,42.859172
ESP,2005,43.662613
ESP,2006,44.360521
ESP,2007,45.236004
ESP,2008,45.983169
ESP,2009,46.36755
ESP,2010,46.562483
ESP,2011,46.736257
ESP,2012,46.766403
ESP,2013,46.593236
ESP,2014,46.455123
ESP,2015,46.410149
ESP,2016,46.449874
ESP,2017,46.532869
ESP,2018,46.733038
SWE,1960,7.484655
SWE,1961,7.519998
SWE,1962,7.561582
SWE,1963,7.604326
SWE,1964,7.661351
SWE,1965,7.733852
SWE,1966,7.807795
SWE,1967,7.867942
SWE,1968,7.91198
SWE,1969,7.967732
SWE,1970,8.042706
SWE,1971,8.098145
SWE,1972,8.122154
SWE,1973,8.136779
SWE,1974,8.160562
SWE,1975,8.192567
SWE,1976,8.222309
SWE,1977,8.251653
SWE,1978,8.275775
SWE,1979,8.293728
SWE,1980,8.310477
SWE,1981,8.320482
SWE,1982,8.32526
SWE,1983,8.329025
SWE,1984,8.336595
SWE,1985,8.350378
SWE,1986,8.369824
SWE,1987,8.397797
SWE,1988,8.436483
SWE,1989,8.492959
SWE,1990,8.558834
SWE,1991,8.617376
SWE,1992,8.668065
SWE,1993,8.718558
SWE,1994,8.780741
SWE,1995,8.826944
SWE,1996,8.840999
SWE,1997,8.846059
SWE,1998,8.850975
SWE,1999,8.857879
SWE,2000,8.872112
SWE,2001,8.895963
SWE,2002,8.924959
SWE,2003,8.958233
SWE,2004,8.993533
SWE,2005,9.029567
SWE,2006,9.080506
SWE,2007,9.148093
SWE,2008,9.219639
SWE,2009,9.29851
SWE,2010,9.37813
SWE,2011,9.449216
SWE,2012,9.519378
SWE,2013,9.600375
SWE,2014,9.696105
SWE,2015,9.799183
SWE,2016,9.923085
SWE,2017,10.057695
SWE,2018,10.175214
CHE,1960,5.327872
CHE,1961,5.434294
CHE,1962,5.573815
CHE,1963,5.694247
CHE,1964,5.789228
CHE,1965,5.856472
CHE,1966,5.918002
CHE,1967,5.991785
CHE,1968,6.067714
CHE,1969,6.136387
CHE,1970,6.180882
CHE,1971,6.213405
CHE,1972,6.260956
CHE,1973,6.307348
CHE,1974,6.341406
CHE,1975,6.338632
CHE,1976,6.302505
CHE,1977,6.281175
CHE,1978,6.281737
CHE,1979,6.294364
CHE,1980,6.319409
CHE,1981,6.354073
CHE,1982,6.391309
CHE,1983,6.418774
CHE,1984,6.441865
CHE,1985,6.470366
CHE,1986,6.504125
CHE,1987,6.545107
CHE,1988,6.593387
CHE,1989,6.646912
CHE,1990,6.712273
CHE,1991,6.799979
CHE,1992,6.875364
CHE,1993,6.938265
CHE,1994,6.993795
CHE,1995,7.040687
CHE,1996,7.071851
CHE,1997,7.088906
CHE,1998,7.110002
CHE,1999,7.143991
CHE,2000,7.18425
CHE,2001,7.226647
CHE,2002,7.284754
CHE,2003,7.339002
CHE,2004,7.389626
CHE,2005,7.437116
CHE,2006,7.483935
CHE,2007,7.551117
CHE,2008,7.647676
CHE,2009,7.743832
CHE,2010,7.82491
CHE,2011,7.912396
CHE,2012,7.996861
CHE,2013,8.089346
CHE,2014,8.188646
CHE,2015,8.282398
CHE,2016,8.373334
CHE,2017,8.451834
CHE,2018,8.513227
TUR,1960,27.506
TUR,1961,28.227
TUR,1962,28.931
TUR,1963,29.652
TUR,1964,30.391
TUR,1965,31.149
TUR,1966,31.936
TUR,1967,32.75
TUR,1968,33.586
TUR,1969,34.443
TUR,1970,35.321
TUR,1971,36.215
TUR,1972,37.133
TUR,1973,38.073
TUR,1974,39.037
TUR,1975,40.026
TUR,1976,40.916
TUR,1977,41.769
TUR,1978,42.641
TUR,1979,43.531
TUR,1980,44.439
TUR,1981,45.54
TUR,1982,46.688
TUR,1983,47.864
TUR,1984,49.07
TUR,1985,50.307
TUR,1986,51.48
TUR,1987,52.37
TUR,1988,53.268
TUR,1989,54.192
TUR,1990,55.12
TUR,1991,56.055
TUR,1992,56.986
TUR,1993,57.913
TUR,1994,58.837
TUR,1995,59.756
TUR,1996,60.671
TUR,1997,61.582
TUR,1998,62.464
TUR,1999,63.364
TUR,2000,64.268751
TUR,2001,65.166331
TUR,2002,66.002506
TUR,2003,66.794551
TUR,2004,67.598736
TUR,2005,68.43538
TUR,2006,69.295253
TUR,2007,70.158112
TUR,2008,71.051689
TUR,2009,72.039215
TUR,2010,73.142162
TUR,2011,74.223642
TUR,2012,75.175836
TUR,2013,76.147634
TUR,2014,77.181894
TUR,2015,78.218488
TUR,2016,79.277971
TUR,2017,80.312708
TUR,2018,81.407211
GBR,1960,52.448523
GBR,1961,52.708934
GBR,1962,53.341128
GBR,1963,53.6782
GBR,1964,54.0657
GBR,1965,54.4357
GBR,1966,54.6541
GBR,1967,54.9784
GBR,1968,55.2825
GBR,1969,55.534
GBR,1970,55.7107
GBR,1971,55.928013
GBR,1972,56.096677
GBR,1973,56.222893
GBR,1974,56.235642
GBR,1975,56.225718
GBR,1976,56.216121
GBR,1977,56.18991
GBR,1978,56.178025
GBR,1979,56.240053
GBR,1980,56.329673
GBR,1981,56.357464
GBR,1982,56.290711
GBR,1983,56.315677
GBR,1984,56.409327
GBR,1985,56.553955
GBR,1986,56.683835
GBR,1987,56.803958
GBR,1988,56.916448
GBR,1989,57.076451
GBR,1990,57.237493
GBR,1991,57.438658
GBR,1992,57.58453
GBR,1993,57.713889
GBR,1994,57.862145
GBR,1995,58.024799
GBR,1996,58.164374
GBR,1997,58.314249
GBR,1998,58.474943
GBR,1999,58.684427
GBR,2000,58.886065
GBR,2001,59.113016
GBR,2002,59.365677
GBR,2003,59.636662
GBR,2004,59.950364
GBR,2005,60.413276
GBR,2006,60.827067
GBR,2007,61.319075
GBR,2008,61.823772
GBR,2009,62.260486
GBR,2010,62.759456
GBR,2011,63.285145
GBR,2012,63.70503
GBR,2013,64.105654
GBR,2014,64.596752
GBR,2015,65.110034
GBR,2016,65.648054
GBR,2017,66.040229
GBR,2018,66.43555
USA,1960,180.671158
USA,1961,183.691481
USA,1962,186.537737
USA,1963,189.241798
USA,1964,191.888791
USA,1965,194.302963
USA,1966,196.560338
USA,1967,198.712056
USA,1968,200.706052
USA,1969,202.676946
USA,1970,205.052174
USA,1971,207.660677
USA,1972,209.896021
USA,1973,211.908788
USA,1974,213.853928
USA,1975,215.973199
USA,1976,218.035164
USA,1977,220.239425
USA,1978,222.584545
USA,1979,225.055487
USA,1980,227.224681
USA,1981,229.465714
USA,1982,231.664458
USA,1983,233.791994
USA,1984,235.824902
USA,1985,237.923795
USA,1986,240.132887
USA,1987,242.288918
USA,1988,244.498982
USA,1989,246.81923
USA,1990,249.622814
USA,1991,252.980941
USA,1992,256.514224
USA,1993,259.918588
USA,1994,263.125821
USA,1995,266.278393
USA,1996,269.394284
USA,1997,272.646925
USA,1998,275.854104
USA,1999,279.040168
USA,2000,282.162411
USA,2001,284.968955
USA,2002,287.625193
USA,2003,290.107933
USA,2004,292.805298
USA,2005,295.516599
USA,2006,298.379912
USA,2007,301.231207
USA,2008,304.093966
USA,2009,306.771529
USA,2010,309.326085
USA,2011,311.580009
USA,2012,313.874218
USA,2013,316.057727
USA,2014,318.386421
USA,2015,320.742673
USA,2016,323.071342
USA,2017,325.147121
USA,2018,327.167434
BRA,1960,72.207554
BRA,1961,74.351763
BRA,1962,76.573248
BRA,1963,78.854019
BRA,1964,81.168654
BRA,1965,83.49802
BRA,1966,85.837799
BRA,1967,88.191378
BRA,1968,90.557064
BRA,1969,92.935072
BRA,1970,95.326793
BRA,1971,97.728961
BRA,1972,100.143598
BRA,1973,102.584278
BRA,1974,105.069367
BRA,1975,107.6121
BRA,1976,110.213082
BRA,1977,112.867867
BRA,1978,115.577669
BRA,1979,118.342626
BRA,1980,122.08151
BRA,1981,124.807167
BRA,1982,127.604588
BRA,1983,130.434274
BRA,1984,133.238189
BRA,1985,135.979454
BRA,1986,138.662472
BRA,1987,141.282564
BRA,1988,143.851505
BRA,1989,146.393753
BRA,1990,148.935328
BRA,1991,151.467861
BRA,1992,153.973883
BRA,1993,156.454116
BRA,1994,158.910651
BRA,1995,161.345581
BRA,1996,163.767821
BRA,1997,166.187066
BRA,1998,168.6064
BRA,1999,171.029011
BRA,2000,173.765726
BRA,2001,176.208646
BRA,2002,178.499255
BRA,2003,180.708344
BRA,2004,182.865043
BRA,2005,184.991143
BRA,2006,187.06161
BRA,2007,189.038268
BRA,2008,191.010274
BRA,2009,192.980905
BRA,2010,194.890682
BRA,2011,196.603732
BRA,2012,198.314934
BRA,2013,200.004188
BRA,2014,201.717541
BRA,2015,203.475683
BRA,2016,205.156587
BRA,2017,206.804741
BRA,2018,208.4949
CHL,1960,7.643277
CHL,1961,7.843945
CHL,1962,8.044614
CHL,1963,8.245284
CHL,1964,8.445953
CHL,1965,8.646622
CHL,1966,8.831223
CHL,1967,9.015825
CHL,1968,9.200427
CHL,1969,9.385028
CHL,1970,9.569631
CHL,1971,9.738347
CHL,1972,9.907065
CHL,1973,10.075782
CHL,1974,10.244501
CHL,1975,10.413219
CHL,1976,10.565409
CHL,1977,10.7176
CHL,1978,10.869791
CHL,1979,11.021982
CHL,1980,11.174173
CHL,1981,11.359773
CHL,1982,11.545372
CHL,1983,11.730972
CHL,1984,11.916572
CHL,1985,12.102174
CHL,1986,12.317494
CHL,1987,12.532815
CHL,1988,12.748135
CHL,1989,12.963457
CHL,1990,13.178782
CHL,1991,13.42201
CHL,1992,13.737062
CHL,1993,13.956766
CHL,1994,14.171821
CHL,1995,14.381249
CHL,1996,14.584947
CHL,1997,14.782706
CHL,1998,14.974898
CHL,1999,15.162353
CHL,2000,15.343326
CHL,2001,15.520049
CHL,2002,15.691701
CHL,2003,15.856977
CHL,2004,16.022133
CHL,2005,16.183489
CHL,2006,16.34789
CHL,2007,16.517933
CHL,2008,16.697754
CHL,2009,16.881078
CHL,2010,17.063927
CHL,2011,17.254159
CHL,2012,17.443491
CHL,2013,17.611902
CHL,2014,17.787617
CHL,2015,17.971423
CHL,2016,18.167147
CHL,2017,18.419192
CHL,2018,18.751405
COL,1960,16.480383
COL,1961,16.982315
COL,1962,17.500171
COL,1963,18.03355
COL,1964,18.581974
COL,1965,19.144223
COL,1966,19.721462
COL,1967,20.311371
COL,1968,20.905059
COL,1969,21.490945
COL,1970,22.061215
COL,1971,22.611986
COL,1972,23.146803
COL,1973,23.674504
COL,1974,24.208021
COL,1975,24.756973
COL,1976,25.323406
COL,1977,25.905127
COL,1978,26.502166
COL,1979,27.113512
COL,1980,27.7379
COL,1981,28.375991
COL,1982,29.027162
COL,1983,29.687094
COL,1984,30.350086
COL,1985,30.802221
COL,1986,31.439997
COL,1987,32.096973
COL,1988,32.76711
COL,1989,33.446912
COL,1990,34.130022
COL,1991,34.83057
COL,1992,35.52094
COL,1993,36.207108
COL,1994,36.853905
COL,1995,37.472184
COL,1996,38.06805
COL,1997,38.635691
COL,1998,39.184456
COL,1999,39.730798
COL,2000,40.295563
COL,2001,40.813541
COL,2002,41.328824
COL,2003,41.848959
COL,2004,42.368489
COL,2005,42.888592
COL,2006,43.405956
COL,2007,43.926929
COL,2008,44.451147
COL,2009,44.978832
COL,2010,45.509584
COL,2011,46.044601
COL,2012,46.581823
COL,2013,47.121089
COL,2014,47.661787
COL,2015,48.203405
COL,2016,48.747708
COL,2017,49.291609
COL,2018,49.83424
EST,1960,1.216819
EST,1961,1.230499
EST,1962,1.245076
EST,1963,1.260213
EST,1964,1.275437
EST,1965,1.290396
EST,1966,1.304987
EST,1967,1.319245
EST,1968,1.333176
EST,1969,1.346818
EST,1970,1.360076
EST,1971,1.376955
EST,1972,1.392518
EST,1973,1.405951
EST,1974,1.418169
EST,1975,1.429352
EST,1976,1.439576
EST,1977,1.450211
EST,1978,1.460188
EST,1979,1.468333
EST,1980,1.477219
EST,1981,1.487666
EST,1982,1.498414
EST,1983,1.508745
EST,1984,1.518617
EST,1985,1.528781
EST,1986,1.54019
EST,1987,1.552221
EST,1988,1.5619
EST,1989,1.568131
EST,1990,1.569174
EST,1991,1.561314
EST,1992,1.533091
EST,1993,1.494128
EST,1994,1.462514
EST,1995,1.436634
EST,1996,1.415594
EST,1997,1.399535
EST,1998,1.386156
EST,1999,1.375654
EST,2000,1.396985
EST,2001,1.388115
EST,2002,1.37935
EST,2003,1.37072
EST,2004,1.36255
EST,2005,1.354775
EST,2006,1.34681
EST,2007,1.34068
EST,2008,1.33709
EST,2009,1.334515
EST,2010,1.331475
EST,2011,1.327439
EST,2012,1.322696
EST,2013,1.317997
EST,2014,1.314545
EST,2015,1.314608
EST,2016,1.31579
EST,2017,1.317384
EST,2018,1.321977
ISR,1960,2.1504
ISR,1961,2.2342
ISR,1962,2.3318
ISR,1963,2.4301
ISR,1964,2.5256
ISR,1965,2.5984
ISR,1966,2.6574
ISR,1967,2.708
ISR,1968,2.8067
ISR,1969,2.8791
ISR,1970,2.9582
ISR,1971,3.0456
ISR,1972,3.225
ISR,1973,3.2779
ISR,1974,3.3772
ISR,1975,3.4553
ISR,1976,3.5331
ISR,1977,3.613
ISR,1978,3.6926
ISR,1979,3.7864
ISR,1980,3.8777
ISR,1981,3.9498
ISR,1982,4.0207
ISR,1983,4.1061
ISR,1984,4.1591
ISR,1985,4.233
ISR,1986,4.2988
ISR,1987,4.3689
ISR,1988,4.4417
ISR,1989,4.5182
ISR,1990,4.6602
ISR,1991,4.9491
ISR,1992,5.1235
ISR,1993,5.2614
ISR,1994,5.3993
ISR,1995,5.5449
ISR,1996,5.6851
ISR,1997,5.8289
ISR,1998,5.9707
ISR,1999,6.1253
ISR,2000,6.2892
ISR,2001,6.439
ISR,2002,6.57
ISR,2003,6.6897
ISR,2004,6.809
ISR,2005,6.930128
ISR,2006,7.053707
ISR,2007,7.180115
ISR,2008,7.308795
ISR,2009,7.485565
ISR,2010,7.623561
ISR,2011,7.765832
ISR,2012,7.910525
ISR,2013,8.059456
ISR,2014,8.215668
ISR,2015,8.380149
ISR,2016,8.546009
ISR,2017,8.7133
ISR,2018,8.872943
RUS,1960,119.860288
RUS,1961,121.390406
RUS,1962,122.84295
RUS,1963,124.193394
RUS,1964,125.412625
RUS,1965,126.483875
RUS,1966,127.395883
RUS,1967,128.164764
RUS,1968,128.836021
RUS,1969,129.472835
RUS,1970,130.123431
RUS,1971,130.805201
RUS,1972,131.514099
RUS,1973,132.25078
RUS,1974,133.008905
RUS,1975,133.784384
RUS,1976,134.580091
RUS,1977,135.402802
RUS,1978,136.255397
RUS,1979,137.140562
RUS,1980,138.05871
RUS,1981,139.002314
RUS,1982,139.964753
RUS,1983,140.946861
RUS,1984,141.950629
RUS,1985,142.971168
RUS,1986,144.011513
RUS,1987,145.051663
RUS,1988,146.035578
RUS,1989,146.890544
RUS,1990,147.969413
RUS,1991,148.39422
RUS,1992,148.53819
RUS,1993,148.45878
RUS,1994,148.407906
RUS,1995,148.375796
RUS,1996,148.160121
RUS,1997,147.915371
RUS,1998,147.670787
RUS,1999,147.214777
RUS,2000,146.596873
RUS,2001,145.976465
RUS,2002,145.306489
RUS,2003,144.565937
RUS,2004,143.821218
RUS,2005,143.113885
RUS,2006,142.487259
RUS,2007,142.114903
RUS,2008,141.956413
RUS,2009,141.909248
RUS,2010,142.389969
RUS,2011,142.960911
RUS,2012,143.201721
RUS,2013,143.506995
RUS,2014,143.819657
RUS,2015,144.096881
RUS,2016,144.3424
RUS,2017,144.496738
RUS,2018,144.491104
SVN,1960,1.580145
SVN,1961,1.59545
SVN,1962,1.60498
SVN,1963,1.614414
SVN,1964,1.630553
SVN,1965,1.650413
SVN,1966,1.669606
SVN,1967,1.690939
SVN,1968,1.703708
SVN,1969,1.714022
SVN,1970,1.726513
SVN,1971,1.729941
SVN,1972,1.741343
SVN,1973,1.753296
SVN,1974,1.76604
SVN,1975,1.778454
SVN,1976,1.786977
SVN,1977,1.799384
SVN,1978,1.810997
SVN,1979,1.824001
SVN,1980,1.884477
SVN,1981,1.896133
SVN,1982,1.910335
SVN,1983,1.922322
SVN,1984,1.932154
SVN,1985,1.94164
SVN,1986,1.980718
SVN,1987,1.989462
SVN,1988,1.999988
SVN,1989,1.999404
SVN,1990,1.99809
SVN,1991,2.001768
SVN,1992,1.995832
SVN,1993,1.990623
SVN,1994,1.98885
SVN,1995,1.987505
SVN,1996,1.991169
SVN,1997,1.986848
SVN,1998,1.982603
SVN,1999,1.985557
SVN,2000,1.990272
SVN,2001,1.992035
SVN,2002,1.995718
SVN,2003,1.996773
SVN,2004,1.997004
SVN,2005,2.001114
SVN,2006,2.008516
SVN,2007,2.019406
SVN,2008,2.022629
SVN,2009,2.042335
SVN,2010,2.049261
SVN,2011,2.052496
SVN,2012,2.056262
SVN,2013,2.059114
SVN,2014,2.061623
SVN,2015,2.063077
SVN,2016,2.064241
SVN,2017,2.066161
SVN,2018,2.07005
CHN,1960,657.686143
CHN,1961,668.334897
CHN,1962,679.732315
CHN,1963,692.28049
CHN,1964,706.460953
CHN,1965,722.562183
CHN,1966,740.745642
CHN,1967,760.771063
CHN,1968,782.008729
CHN,1969,803.577221
CHN,1970,824.788457
CHN,1971,845.481578
CHN,1972,865.68653
CHN,1973,885.145933
CHN,1974,903.613538
CHN,1975,920.945083
CHN,1976,937.018252
CHN,1977,951.927444
CHN,1978,966.039822
CHN,1979,979.880619
CHN,1980,993.87731
CHN,1981,1008.000152
CHN,1982,1022.253396
CHN,1983,1037.123834
CHN,1984,1053.210735
CHN,1985,1070.863389
CHN,1986,1090.348056
CHN,1987,1111.341725
CHN,1988,1132.866344
CHN,1989,1153.565894
CHN,1990,1172.4452
CHN,1991,1189.183522
CHN,1992,1204.003901
CHN,1993,1217.129133
CHN,1994,1228.991932
CHN,1995,1239.940004
CHN,1996,1249.981441
CHN,1997,1259.066974
CHN,1998,1267.441503
CHN,1999,1275.406699
CHN,2000,1283.19897
CHN,2001,1290.937649
CHN,2002,1298.646577
CHN,2003,1306.343911
CHN,2004,1314.007478
CHN,2005,1321.62349
CHN,2006,1329.209094
CHN,2007,1336.800506
CHN,2008,1344.415227
CHN,2009,1352.068091
CHN,2010,1359.755102
CHN,2011,1367.480264
CHN,2012,1375.198619
CHN,2013,1382.793212
CHN,2014,1390.110388
CHN,2015,1397.028553
CHN,2016,1403.500365
CHN,2017,1409.517397
CHN,2018,1415.045928
IND,1960,449.480608
IND,1961,458.494963
IND,1962,467.852537
IND,1963,477.52797
IND,1964,487.484535
IND,1965,497.702365
IND,1966,508.161935
IND,1967,518.889779
IND,1968,529.967317
IND,1969,541.505076
IND,1970,553.578513
IND,1971,566.224812
IND,1972,579.411513
IND,1973,593.058926
IND,1974,607.050255
IND,1975,621.30172
IND,1976,635.771734
IND,1977,650.48503
IND,1978,665.502284
IND,1979,680.915804
IND,1980,696.783517
IND,1981,713.118032
IND,1982,729.868013
IND,1983,746.949067
IND,1984,764.245202
IND,1985,781.666671
IND,1986,799.181436
IND,1987,816.792741
IND,1988,834.489322
IND,1989,852.270034
IND,1990,870.13348
IND,1991,888.054875
IND,1992,906.021106
IND,1993,924.057817
IND,1994,942.204249
IND,1995,960.482795
IND,1996,978.893217
IND,1997,997.405318
IND,1998,1015.974042
IND,1999,1034.539214
IND,2000,1053.050912
IND,2001,1071.477855
IND,2002,1089.807112
IND,2003,1108.027848
IND,2004,1126.135777
IND,2005,1144.118674
IND,2006,1161.977719
IND,2007,1179.681239
IND,2008,1197.146906
IND,2009,1214.270132
IND,2010,1230.980691
IND,2011,1247.236029
IND,2012,1263.065852
IND,2013,1278.562207
IND,2014,1293.859294
IND,2015,1309.05398
IND,2016,1324.171354
IND,2017,1339.180127
IND,2018,1354.051854
IDN,1960,87.792515
IDN,1961,90.138235
IDN,1962,92.558005
IDN,1963,95.055665
IDN,1964,97.638029
IDN,1965,100.308894
IDN,1966,103.067354
IDN,1967,105.907403
IDN,1968,108.821564
IDN,1969,111.800091
IDN,1970,114.83478
IDN,1971,117.921998
IDN,1972,121.059513
IDN,1973,124.242298
IDN,1974,127.465231
IDN,1975,130.724115
IDN,1976,134.01069
IDN,1977,137.322118
IDN,1978,140.665856
IDN,1979,144.053518
IDN,1980,147.490365
IDN,1981,150.97884
IDN,1982,154.506265
IDN,1983,158.044343
IDN,1984,161.555583
IDN,1985,165.012196
IDN,1986,168.402025
IDN,1987,171.728917
IDN,1988,175.000916
IDN,1989,178.233223
IDN,1990,181.436821
IDN,1991,184.615979
IDN,1992,187.766086
IDN,1993,190.879523
IDN,1994,193.945272
IDN,1995,196.957849
IDN,1996,199.914831
IDN,1997,202.826465
IDN,1998,205.715544
IDN,1999,208.612556
IDN,2000,211.540429
IDN,2001,214.506502
IDN,2002,217.508059
IDN,2003,220.545214
IDN,2004,223.614649
IDN,2005,226.71273
IDN,2006,229.838202
IDN,2007,232.989141
IDN,2008,236.159276
IDN,2009,239.340478
IDN,2010,238.5188
IDN,2011,241.9907
IDN,2012,245.4252
IDN,2013,248.8181
IDN,2014,252.1648
IDN,2015,255.4617
IDN,2016,258.705
IDN,2017,261.8909
IDN,2018,265.0153
ZAF,1960,17.456855
ZAF,1961,17.920673
ZAF,1962,18.401608
ZAF,1963,18.899275
ZAF,1964,19.412975
ZAF,1965,19.942303
ZAF,1966,20.486439
ZAF,1967,21.045785
ZAF,1968,21.62259
ZAF,1969,22.219897
ZAF,1970,22.839451
ZAF,1971,23.482813
ZAF,1972,24.148137
ZAF,1973,24.829693
ZAF,1974,25.519604
ZAF,1975,26.212405
ZAF,1976,26.904349
ZAF,1977,27.597297
ZAF,1978,28.29815
ZAF,1979,29.017049
ZAF,1980,29.760471
ZAF,1981,30.532954
ZAF,1982,31.330259
ZAF,1983,32.139708
ZAF,1984,32.943584
ZAF,1985,33.730148
ZAF,1986,34.490419
ZAF,1987,35.230249
ZAF,1988,35.970537
ZAF,1989,36.740883
ZAF,1990,37.560525
ZAF,1991,38.437855
ZAF,1992,39.360225
ZAF,1993,40.300161
ZAF,1994,41.218901
ZAF,1995,42.088165
ZAF,1996,42.89852
ZAF,1997,43.657024
ZAF,1998,44.372112
ZAF,1999,45.058775
ZAF,2000,45.728315
ZAF,2001,46.385006
ZAF,2002,45.76571
ZAF,2003,46.243716
ZAF,2004,46.741256
ZAF,2005,47.268914
ZAF,2006,47.839908
ZAF,2007,48.476016
ZAF,2008,49.17655
ZAF,2009,49.928233
ZAF,2010,50.724112
ZAF,2011,51.550684
ZAF,2012,52.409724
ZAF,2013,53.282289
ZAF,2014,54.166787
ZAF,2015,55.055626
ZAF,2016,55.946872
ZAF,2017,56.837474
ZAF,2018,57.725606
EU28,1960,408.448041
EU28,1961,411.966937
EU28,1962,415.925486
EU28,1963,419.703586
EU28,1964,423.344889
EU28,1965,426.855679
EU28,1966,429.957082
EU28,1967,432.983791
EU28,1968,435.677712
EU28,1969,438.549682
EU28,1970,440.724041
EU28,1971,443.165619
EU28,1972,445.977292
EU28,1973,448.584383
EU28,1974,450.977647
EU28,1975,453.230802
EU28,1976,455.302767
EU28,1977,457.299125
EU28,1978,459.216123
EU28,1979,461.027975
EU28,1980,462.976988
EU28,1981,464.680718
EU28,1982,465.80785
EU28,1983,466.876478
EU28,1984,467.88115
EU28,1985,468.960685
EU28,1986,470.182543
EU28,1987,471.477553
EU28,1988,472.949149
EU28,1989,474.460706
EU28,1990,475.933851
EU28,1991,478.723976
EU28,1992,480.165732
EU28,1993,481.559075
EU28,1994,482.615362
EU28,1995,483.519568
EU28,1996,484.344995
EU28,1997,485.07675
EU28,1998,485.731663
EU28,1999,486.577554
EU28,2000,487.732368
EU28,2001,488.457887
EU28,2002,489.712694
EU28,2003,491.5624
EU28,2004,493.422331
EU28,2005,495.49782
EU28,2006,497.262107
EU28,2007,499.283942
EU28,2008,501.249177
EU28,2009,502.722092
EU28,2010,504.286223
EU28,2011,503.891769
EU28,2012,504.985115
EU28,2013,506.412977
EU28,2014,508.243486
EU28,2015,509.672282
EU28,2016,511.15239
EU28,2017,512.151635
EU28,2018,513.179223
OECD,1960,790.958808
OECD,1961,801.899345
OECD,1962,813.169243
OECD,1963,824.258339
OECD,1964,835.211801
OECD,1965,845.848608
OECD,1966,855.611107
OECD,1967,865.573047
OECD,1968,875.32679
OECD,1969,885.107683
OECD,1970,894.555966
OECD,1971,905.0116
OECD,1972,915.430633
OECD,1973,925.334276
OECD,1974,935.02354
OECD,1975,944.54231
OECD,1976,953.372855
OECD,1977,962.170486
OECD,1978,971.024327
OECD,1979,979.93304
OECD,1980,988.766734
OECD,1981,997.611298
OECD,1982,1006.103884
OECD,1983,1014.236972
OECD,1984,1022.048263
OECD,1985,1029.917012
OECD,1986,1037.893938
OECD,1987,1045.677351
OECD,1988,1053.653267
OECD,1989,1062.024612
OECD,1990,1070.890025
OECD,1991,1082.066179
OECD,1992,1091.918507
OECD,1993,1101.074141
OECD,1994,1109.602497
OECD,1995,1117.906796
OECD,1996,1126.062186
OECD,1997,1134.188533
OECD,1998,1141.965661
OECD,1999,1149.781576
OECD,2000,1157.922898
OECD,2001,1165.984021
OECD,2002,1174.166054
OECD,2003,1182.226578
OECD,2004,1190.327709
OECD,2005,1198.664295
OECD,2006,1207.224137
OECD,2007,1216.4299
OECD,2008,1225.897618
OECD,2009,1234.509706
OECD,2010,1243.038933
OECD,2011,1249.05554
OECD,2012,1256.390205
OECD,2013,1263.936688
OECD,2014,1272.14574
OECD,2015,1279.863664
OECD,2016,1287.731405
OECD,2017,1294.830176
OECD,2018,1301.969697
LVA,1960,2.129586
LVA,1961,2.15766
LVA,1962,2.185878
LVA,1963,2.213803
LVA,1964,2.240945
LVA,1965,2.266941
LVA,1966,2.291465
LVA,1967,2.3145
LVA,1968,2.336322
LVA,1969,2.357395
LVA,1970,2.359164
LVA,1971,2.376389
LVA,1972,2.395674
LVA,1973,2.415819
LVA,1974,2.437186
LVA,1975,2.45613
LVA,1976,2.470989
LVA,1977,2.485073
LVA,1978,2.497921
LVA,1979,2.505953
LVA,1980,2.511701
LVA,1981,2.519421
LVA,1982,2.53108
LVA,1983,2.546011
LVA,1984,2.562047
LVA,1985,2.578873
LVA,1986,2.599892
LVA,1987,2.626583
LVA,1988,2.653434
LVA,1989,2.666955
LVA,1990,2.663146
LVA,1991,2.650581
LVA,1992,2.614338
LVA,1993,2.563289
LVA,1994,2.520742
LVA,1995,2.485054
LVA,1996,2.457226
LVA,1997,2.432851
LVA,1998,2.410027
LVA,1999,2.390477
LVA,2000,2.367549
LVA,2001,2.337172
LVA,2002,2.310176
LVA,2003,2.287955
LVA,2004,2.263123
LVA,2005,2.238799
LVA,2006,2.218351
LVA,2007,2.200325
LVA,2008,2.177324
LVA,2009,2.141668
LVA,2010,2.097553
LVA,2011,2.05971
LVA,2012,2.034324
LVA,2013,2.012647
LVA,2014,1.993785
LVA,2015,1.977523
LVA,2016,1.959535
LVA,2017,1.942247
LVA,2018,1.92717
ARG,1960,20.61601
ARG,1961,20.950583
ARG,1962,21.283784
ARG,1963,21.616406
ARG,1964,21.949246
ARG,1965,22.283102
ARG,1966,22.611643
ARG,1967,22.934338
ARG,1968,23.260684
ARG,1969,23.600177
ARG,1970,23.962314
ARG,1971,24.354307
ARG,1972,24.769829
ARG,1973,25.19805
ARG,1974,25.628164
ARG,1975,26.049353
ARG,1976,26.458241
ARG,1977,26.862054
ARG,1978,27.265831
ARG,1979,27.674632
ARG,1980,28.093507
ARG,1981,28.52412
ARG,1982,28.963109
ARG,1983,29.407972
ARG,1984,29.856213
ARG,1985,30.305336
ARG,1986,30.757601
ARG,1987,31.214665
ARG,1988,31.673154
ARG,1989,32.129676
ARG,1990,32.580854
ARG,1991,33.028546
ARG,1992,33.475005
ARG,1993,33.91744
ARG,1994,34.353066
ARG,1995,34.779096
ARG,1996,35.195575
ARG,1997,35.604362
ARG,1998,36.005387
ARG,1999,36.398577
ARG,2000,36.783859
ARG,2001,37.156654
ARG,2002,37.537783
ARG,2003,37.927463
ARG,2004,38.325927
ARG,2005,38.733406
ARG,2006,39.127239
ARG,2007,39.52944
ARG,2008,39.940234
ARG,2009,40.359828
ARG,2010,40.788453
ARG,2011,41.26149
ARG,2012,41.733271
ARG,2013,42.202935
ARG,2014,42.6695
ARG,2015,43.131966
ARG,2016,43.590368
ARG,2017,44.044811
ARG,2018,44.494502
BGR,1960,7.867374
BGR,1961,7.943118
BGR,1962,8.012946
BGR,1963,8.078145
BGR,1964,8.14434
BGR,1965,8.204168
BGR,1966,8.258057
BGR,1967,8.310226
BGR,1968,8.369603
BGR,1969,8.434172
BGR,1970,8.489574
BGR,1971,8.536395
BGR,1972,8.5762
BGR,1973,8.620967
BGR,1974,8.678745
BGR,1975,8.720742
BGR,1976,8.758599
BGR,1977,8.804183
BGR,1978,8.814032
BGR,1979,8.82594
BGR,1980,8.861535
BGR,1981,8.891117
BGR,1982,8.917457
BGR,1983,8.939738
BGR,1984,8.960679
BGR,1985,8.960547
BGR,1986,8.958171
BGR,1987,8.971359
BGR,1988,8.981446
BGR,1989,8.876972
BGR,1990,8.718289
BGR,1991,8.632367
BGR,1992,8.540164
BGR,1993,8.472313
BGR,1994,8.443591
BGR,1995,8.406067
BGR,1996,8.362826
BGR,1997,8.312068
BGR,1998,8.256786
BGR,1999,8.210624
BGR,2000,8.170172
BGR,2001,8.009142
BGR,2002,7.837161
BGR,2003,7.775327
BGR,2004,7.71686
BGR,2005,7.658972
BGR,2006,7.601022
BGR,2007,7.545338
BGR,2008,7.492561
BGR,2009,7.444443
BGR,2010,7.395599
BGR,2011,7.348328
BGR,2012,7.305888
BGR,2013,7.265115
BGR,2014,7.223938
BGR,2015,7.177991
BGR,2016,7.127822
BGR,2017,7.075947
BGR,2018,7.025037
CRI,1960,1.251508
CRI,1961,1.301084
CRI,1962,1.352695
CRI,1963,1.403804
CRI,1964,1.455625
CRI,1965,1.507565
CRI,1966,1.559922
CRI,1967,1.612363
CRI,1968,1.664202
CRI,1969,1.715441
CRI,1970,1.763665
CRI,1971,1.812029
CRI,1972,1.860528
CRI,1973,1.909614
CRI,1974,1.959976
CRI,1975,2.009819
CRI,1976,2.06332
CRI,1977,2.11779
CRI,1978,2.177452
CRI,1979,2.23989
CRI,1980,2.304094
CRI,1981,2.37006
CRI,1982,2.437231
CRI,1983,2.505453
CRI,1984,2.573769
CRI,1985,2.646142
CRI,1986,2.726063
CRI,1987,2.804079
CRI,1988,2.878888
CRI,1989,2.955335
CRI,1990,3.029336
CRI,1991,3.101536
CRI,1992,3.170537
CRI,1993,3.239868
CRI,1994,3.334223
CRI,1995,3.428278
CRI,1996,3.520866
CRI,1997,3.611224
CRI,1998,3.699939
CRI,1999,3.786841
CRI,2000,3.872349
CRI,2001,3.953393
CRI,2002,4.022431
CRI,2003,4.086405
CRI,2004,4.151823
CRI,2005,4.215248
CRI,2006,4.278656
CRI,2007,4.34039
CRI,2008,4.40409
CRI,2009,4.469337
CRI,2010,4.533894
CRI,2011,4.592149
CRI,2012,4.652459
CRI,2013,4.713168
CRI,2014,4.77313
CRI,2015,4.832234
CRI,2016,4.890379
CRI,2017,4.94749
CRI,2018,5.003402
HRV,1960,4.192634
HRV,1961,4.222502
HRV,1962,4.251421
HRV,1963,4.279058
HRV,1964,4.304984
HRV,1965,4.32892
HRV,1966,4.350815
HRV,1967,4.370856
HRV,1968,4.389321
HRV,1969,4.406607
HRV,1970,4.423073
HRV,1971,4.438818
HRV,1972,4.453985
HRV,1973,4.469035
HRV,1974,4.484521
HRV,1975,4.500868
HRV,1976,4.518103
HRV,1977,4.536198
HRV,1978,4.555413
HRV,1979,4.57603
HRV,1980,4.598126
HRV,1981,4.621418
HRV,1982,4.645409
HRV,1983,4.669614
HRV,1984,4.693432
HRV,1985,4.716117
HRV,1986,4.737949
HRV,1987,4.758152
HRV,1988,4.773683
HRV,1989,4.780627
HRV,1990,4.776374
HRV,1991,4.760003
HRV,1992,4.732864
HRV,1993,4.697536
HRV,1994,4.657799
HRV,1995,4.616762
HRV,1996,4.574853
HRV,1997,4.532298
HRV,1998,4.491742
HRV,1999,4.456298
HRV,2000,4.428069
HRV,2001,4.30045
HRV,2002,4.305443
HRV,2003,4.305553
HRV,2004,4.308296
HRV,2005,4.311674
HRV,2006,4.313016
HRV,2007,4.312751
HRV,2008,4.310884
HRV,2009,4.306315
HRV,2010,4.296353
HRV,2011,4.282913
HRV,2012,4.269063
HRV,2013,4.254469
HRV,2014,4.238389
HRV,2015,4.203604
HRV,2016,4.174349
HRV,2017,4.124531
HRV,2018,4.080666
CYP,1960,0.57293
CYP,1961,0.576395
CYP,1962,0.577691
CYP,1963,0.577913
CYP,1964,0.578627
CYP,1965,0.580966
CYP,1966,0.585308
CYP,1967,0.591308
CYP,1968,0.598493
CYP,1969,0.606113
CYP,1970,0.613621
CYP,1971,0.620859
CYP,1972,0.628002
CYP,1973,0.635111
CYP,1974,0.642339
CYP,1975,0.649755
CYP,1976,0.657534
CYP,1977,0.665528
CYP,1978,0.673251
CYP,1979,0.680011
CYP,1980,0.685406
CYP,1981,0.689173
CYP,1982,0.523734
CYP,1983,0.528071
CYP,1984,0.534958
CYP,1985,0.541502
CYP,1986,0.547747
CYP,1987,0.553736
CYP,1988,0.559639
CYP,1989,0.567674
CYP,1990,0.579898
CYP,1991,0.595105
CYP,1992,0.611151
CYP,1993,0.626087
CYP,1994,0.63917
CYP,1995,0.65086
CYP,1996,0.661326
CYP,1997,0.670764
CYP,1998,0.679042
CYP,1999,0.686675
CYP,2000,0.69402
CYP,2001,0.701537
CYP,2002,0.709631
CYP,2003,0.718305
CYP,2004,0.727977
CYP,2005,0.738541
CYP,2006,0.750964
CYP,2007,0.767128
CYP,2008,0.78663
CYP,2009,0.808038
CYP,2010,0.829444
CYP,2011,0.850882
CYP,2012,0.863945
CYP,2013,0.861938
CYP,2014,0.852511
CYP,2015,0.847662
CYP,2016,0.851559
CYP,2017,0.85952
CYP,2018,0.869006
LTU,1960,2.769866
LTU,1961,2.806913
LTU,1962,2.846388
LTU,1963,2.887074
LTU,1964,2.92738
LTU,1965,2.966162
LTU,1966,3.00279
LTU,1967,3.03744
LTU,1968,3.07069
LTU,1969,3.103511
LTU,1970,3.139689
LTU,1971,3.179041
LTU,1972,3.213622
LTU,1973,3.244438
LTU,1974,3.273894
LTU,1975,3.301652
LTU,1976,3.328664
LTU,1977,3.355036
LTU,1978,3.379514
LTU,1979,3.397842
LTU,1980,3.413202
LTU,1981,3.432947
LTU,1982,3.457179
LTU,1983,3.485192
LTU,1984,3.514205
LTU,1985,3.544543
LTU,1986,3.578914
LTU,1987,3.616367
LTU,1988,3.655049
LTU,1989,3.684255
LTU,1990,3.697838
LTU,1991,3.704134
LTU,1992,3.700114
LTU,1993,3.682613
LTU,1994,3.657144
LTU,1995,3.629102
LTU,1996,3.601613
LTU,1997,3.575137
LTU,1998,3.549331
LTU,1999,3.524237
LTU,2000,3.499534
LTU,2001,3.470817
LTU,2002,3.443066
LTU,2003,3.415209
LTU,2004,3.377073
LTU,2005,3.322525
LTU,2006,3.269903
LTU,2007,3.231297
LTU,2008,3.198234
LTU,2009,3.162911
LTU,2010,3.097292
LTU,2011,3.028119
LTU,2012,2.987773
LTU,2013,2.957689
LTU,2014,2.932366
LTU,2015,2.904908
LTU,2016,2.868234
LTU,2017,2.828398
LTU,2018,2.801541
MLT,1960,0.311534
MLT,1961,0.312914
MLT,1962,0.315032
MLT,1963,0.317447
MLT,1964,0.319588
MLT,1965,0.321019
MLT,1966,0.321606
MLT,1967,0.321508
MLT,1968,0.320979
MLT,1969,0.320414
MLT,1970,0.320086
MLT,1971,0.320078
MLT,1972,0.320317
MLT,1973,0.320854
MLT,1974,0.321683
MLT,1975,0.322821
MLT,1976,0.324279
MLT,1977,0.326079
MLT,1978,0.328201
MLT,1979,0.330611
MLT,1980,0.333274
MLT,1981,0.336193
MLT,1982,0.339342
MLT,1983,0.342628
MLT,1984,0.330593
MLT,1985,0.336452
MLT,1986,0.342121
MLT,1987,0.344485
MLT,1988,0.347325
MLT,1989,0.350722
MLT,1990,0.35417
MLT,1991,0.357727
MLT,1992,0.36126
MLT,1993,0.364704
MLT,1994,0.367941
MLT,1995,0.370433
MLT,1996,0.372687
MLT,1997,0.375236
MLT,1998,0.377516
MLT,1999,0.37936
MLT,2000,0.385808
MLT,2001,0.393028
MLT,2002,0.395969
MLT,2003,0.398582
MLT,2004,0.401263
MLT,2005,0.403825
MLT,2006,0.405311
MLT,2007,0.406725
MLT,2008,0.409375
MLT,2009,0.412475
MLT,2010,0.414512
MLT,2011,0.416263
MLT,2012,0.420027
MLT,2013,0.425966
MLT,2014,0.434551
MLT,2015,0.445053
MLT,2016,0.455355
MLT,2017,0.468005
MLT,2018,0.483793
ROU,1960,18.613939
ROU,1961,18.780202
ROU,1962,18.924157
ROU,1963,19.059938
ROU,1964,19.207135
ROU,1965,19.379568
ROU,1966,19.582327
ROU,1967,19.810585
ROU,1968,19.799831
ROU,1969,20.009141
ROU,1970,20.250396
ROU,1971,20.461575
ROU,1972,20.657956
ROU,1973,20.835682
ROU,1974,21.029428
ROU,1975,21.293586
ROU,1976,21.551631
ROU,1977,21.756097
ROU,1978,21.951467
ROU,1979,22.090484
ROU,1980,22.207284
ROU,1981,22.353071
ROU,1982,22.475742
ROU,1983,22.560476
ROU,1984,22.640545
ROU,1985,22.732997
ROU,1986,22.836836
ROU,1987,22.949427
ROU,1988,23.05766
ROU,1989,23.16146
ROU,1990,23.201832
ROU,1991,23.00116
ROU,1992,22.794284
ROU,1993,22.763283
ROU,1994,22.730216
ROU,1995,22.684268
ROU,1996,22.619005
ROU,1997,22.553982
ROU,1998,22.507354
ROU,1999,22.472043
ROU,2000,22.442973
ROU,2001,22.131974
ROU,2002,21.675775
ROU,2003,21.574365
ROU,2004,21.451845
ROU,2005,21.319673
ROU,2006,21.193749
ROU,2007,20.88298
ROU,2008,20.537848
ROU,2009,20.367437
ROU,2010,20.246798
ROU,2011,20.147657
ROU,2012,20.060182
ROU,2013,19.988694
ROU,2014,19.916451
ROU,2015,19.82225
ROU,2016,19.706529
ROU,2017,19.588146
ROU,2018,19.471332
SAU,1960,4.086539
SAU,1961,4.218879
SAU,1962,4.362864
SAU,1963,4.516659
SAU,1964,4.677404
SAU,1965,4.843635
SAU,1966,5.015204
SAU,1967,5.194846
SAU,1968,5.387486
SAU,1969,5.599628
SAU,1970,5.836389
SAU,1971,6.100994
SAU,1972,6.393894
SAU,1973,6.714095
SAU,1974,7.059334
SAU,1975,7.428703
SAU,1976,7.818613
SAU,1977,8.231604
SAU,1978,8.67984
SAU,1979,9.179621
SAU,1980,9.740599
SAU,1981,10.366661
SAU,1982,11.04808
SAU,1983,11.763837
SAU,1984,12.484967
SAU,1985,13.189115
SAU,1986,13.869012
SAU,1987,14.52566
SAU,1988,15.155223
SAU,1989,15.755944
SAU,1990,16.326815
SAU,1991,16.867829
SAU,1992,17.378833
SAU,1993,17.85975
SAU,1994,18.31109
SAU,1995,18.735841
SAU,1996,19.131578
SAU,1997,19.505576
SAU,1998,19.882458
SAU,1999,20.294406
SAU,2000,20.764312
SAU,2001,21.303592
SAU,2002,21.906308
SAU,2003,22.556425
SAU,2004,23.22889
SAU,2005,23.905654
SAU,2006,24.578301
SAU,2007,25.252569
SAU,2008,25.94077
SAU,2009,26.661492
SAU,2010,27.425676
SAU,2011,28.23802
SAU,2012,29.086357
SAU,2013,29.944476
SAU,2014,30.776722
SAU,2015,31.557144
SAU,2016,31.78758
SAU,2017,32.612641
SAU,2018,33.41366
SGP,1960,1.6464
SGP,1961,1.7024
SGP,1962,1.7502
SGP,1963,1.795
SGP,1964,1.8416
SGP,1965,1.8869
SGP,1966,1.9344
SGP,1967,1.9776
SGP,1968,2.012
SGP,1969,2.0425
SGP,1970,2.013563
SGP,1971,2.1129
SGP,1972,2.1524
SGP,1973,2.193
SGP,1974,2.2298
SGP,1975,2.2626
SGP,1976,2.2933
SGP,1977,2.3253
SGP,1978,2.3536
SGP,1979,2.3835
SGP,1980,2.282125
SGP,1981,2.324403
SGP,1982,2.365707
SGP,1983,2.406165
SGP,1984,2.443705
SGP,1985,2.482615
SGP,1986,2.518598
SGP,1987,2.553864
SGP,1988,2.598458
SGP,1989,2.647627
SGP,1990,2.735868
SGP,1991,2.794704
SGP,1992,2.849754
SGP,1993,2.904547
SGP,1994,2.95935
SGP,1995,3.013515
SGP,1996,3.068132
SGP,1997,3.123403
SGP,1998,3.180018
SGP,1999,3.229681
SGP,2000,3.273363
SGP,2001,3.325902
SGP,2002,3.382944
SGP,2003,3.366891
SGP,2004,3.413266
SGP,2005,3.467814
SGP,2006,3.525894
SGP,2007,3.583082
SGP,2008,3.642659
SGP,2009,3.733876
SGP,2010,3.771721
SGP,2011,3.789251
SGP,2012,3.818205
SGP,2013,3.844751
SGP,2014,3.870739
SGP,2015,3.90269
SGP,2016,3.933559
SGP,2017,3.965796
SGP,2018,3.994283
WLD,1960,3033.212527
WLD,1961,3090.305279
WLD,1962,3149.244245
WLD,1963,3210.271352
WLD,1964,3273.670772
WLD,1965,3339.592688
WLD,1966,3408.121405
WLD,1967,3479.053821
WLD,1968,3551.8807
WLD,1969,3625.905514
WLD,1970,3700.57765
WLD,1971,3775.7909
WLD,1972,3851.545181
WLD,1973,3927.538695
WLD,1974,4003.448151
WLD,1975,4079.087198
WLD,1976,4154.287594
WLD,1977,4229.201257
WLD,1978,4304.377112
WLD,1979,4380.585755
WLD,1980,4458.411534
WLD,1981,4537.845777
WLD,1982,4618.776168
WLD,1983,4701.530843
WLD,1984,4786.483862
WLD,1985,4873.781796
WLD,1986,4963.633228
WLD,1987,5055.636132
WLD,1988,5148.556956
WLD,1989,5240.735117
WLD,1990,5330.94346
WLD,1991,5418.758803
WLD,1992,5504.401149
WLD,1993,5588.094837
WLD,1994,5670.319703
WLD,1995,5751.474416
WLD,1996,5831.56502
WLD,1997,5910.566295
WLD,1998,5988.846103
WLD,1999,6066.867391
WLD,2000,6145.006989
WLD,2001,6223.412158
WLD,2002,6302.149639
WLD,2003,6381.408987
WLD,2004,6461.370865
WLD,2005,6542.159383
WLD,2006,6623.847913
WLD,2007,6706.418593
WLD,2008,6789.771253
WLD,2009,6873.741054
WLD,2010,6958.169159
WLD,2011,7043.008586
WLD,2012,7128.176935
WLD,2013,7213.426452
WLD,2014,7298.453033
WLD,2015,7383.00882
WLD,2016,7466.96428
WLD,2017,7550.262101
WLD,2018,7632.819325
G20,1960,2230.443698
G20,1961,2267.801227
G20,1962,2306.597745
G20,1963,2346.751486
G20,1964,2388.734828
G20,1965,2432.630275
G20,1966,2477.988333
G20,1967,2525.649871
G20,1968,2574.414771
G20,1969,2624.354097
G20,1970,2674.325916
G20,1971,2725.508199
G20,1972,2776.729912
G20,1973,2827.413683
G20,1974,2877.372644
G20,1975,2926.537736
G20,1976,2974.157202
G20,1977,3020.913177
G20,1978,3067.339496
G20,1979,3114.074933
G20,1980,3162.483068
G20,1981,3210.652944
G20,1982,3259.027364
G20,1983,3308.220369
G20,1984,3358.517581
G20,1985,3410.424587
G20,1986,3464.200023
G20,1987,3519.215318
G20,1988,3574.829474
G20,1989,3629.776154
G20,1990,3683.471388
G20,1991,3736.277506
G20,1992,3785.660383
G20,1993,3832.750439
G20,1994,3877.99663
G20,1995,3922.073423
G20,1996,3964.871832
G20,1997,4006.642937
G20,1998,4047.37022
G20,1999,4087.534548
G20,2000,4128.026687
G20,2001,4167.607608
G20,2002,4205.746698
G20,2003,4245.150311
G20,2004,4284.481943
G20,2005,4323.960216
G20,2006,4363.572942
G20,2007,4403.733216
G20,2008,4444.180921
G20,2009,4483.806528
G20,2010,4519.624729
G20,2011,4556.834925
G20,2012,4594.646713
G20,2013,4632.240533
G20,2014,4669.929831
G20,2015,4706.471371
G20,2016,4741.896267
G20,2017,4776.332563
G20,2018,4809.944671
